INSERT INTO	Types
			(Type,							Kind					)
VALUES		('CIVILIZATION_SORTIENT_ULSTER',		'KIND_CIVILIZATION'		);
		

INSERT INTO	Civilizations
			(
			CivilizationType,
			Name,
			Description,
			Adjective,
			StartingCivilizationLevelType,
			RandomCityNameDepth,
			Ethnicity
			)

VALUES		(
			'CIVILIZATION_SORTIENT_ULSTER', --CivilizationType
			'LOC_CIVILIZATION_SORTIENT_ULSTER_NAME', -- Name
			'LOC_CIVILIZATION_SORTIENT_ULSTER_DESCRIPTION', -- Description
			'LOC_CIVILIZATION_SORTIENT_ULSTER_ADJECTIVE', -- Adjective
			'CIVILIZATION_LEVEL_FULL_CIV', -- StartingCivilizationLevelType
			6, -- RandomCityNameDepth
			'ETHNICITY_EURO' -- Ethnicity
			);



INSERT OR IGNORE INTO NamedLakes
		(NamedLakeType,							Name					)
VALUES	('NAMED_LAKE_STRANGFORD_LOUGH',		'LOC_NAMED_LAKE_STRANGFORD_LOUGH'		),
	('NAMED_LAKE_LOUGH_NEAGH',			'LOC_NAMED_LAKE_LOUGH_NEAGH'		),
	('NAMED_LAKE_LOUGH_ERNE',			'LOC_NAMED_LAKE_LOUGH_ERNE'		),
	('NAMED_LAKE_LOUGH_FOYLE',			'LOC_NAMED_LAKE_LOUGH_FOYLE'		),
	('NAMED_LAKE_CARLINGFORD_LOUGH',	'LOC_NAMED_LAKE_CARLINGFORD_LOUGH'		);


INSERT INTO NamedLakeCivilizations
		(CivilizationType,			NamedLakeType					)
VALUES	('CIVILIZATION_SORTIENT_ULSTER',	'NAMED_LAKE_STRANGFORD_LOUGH'		),
		('CIVILIZATION_SORTIENT_ULSTER',	'NAMED_LAKE_LOUGH_NEAGH'			),
		('CIVILIZATION_SORTIENT_ULSTER',	'NAMED_LAKE_LOUGH_ERNE'			),
		('CIVILIZATION_SORTIENT_ULSTER',	'NAMED_LAKE_LOUGH_FOYLE'			),
		('CIVILIZATION_SORTIENT_ULSTER',	'NAMED_LAKE_CARLINGFORD_LOUGH'			);

INSERT OR IGNORE INTO NamedSeas
		(NamedSeaType,						Name										)
VALUES	('NAMED_SEA_IRISH_SEA',	'LOC_NAMED_SEA_IRISH_SEA_NAME'		),
		('NAMED_SEA_NORTH_CHANNEL',	'LOC_NAMED_SEA_NORTH_CHANNEL_NAME'		);

INSERT INTO NamedSeaCivilizations
		(CivilizationType,			NamedSeaType					)
VALUES	('CIVILIZATION_SORTIENT_ULSTER',	'NAMED_SEA_IRISH_SEA'	),
		('CIVILIZATION_SORTIENT_ULSTER',	'NAMED_SEA_NORTH_CHANNEL'	);

INSERT OR REPLACE INTO NamedMountains
		(NamedMountainType,							Name					)
VALUES	('NAMED_MOUNTAIN_MOURNES',			'LOC_NAMED_MOUNTAIN_MOURNES'	),
		('NAMED_MOUNTAIN_SPERRINS',			'LOC_NAMED_MOUNTAIN_SPERRINS'			),
		('NAMED_MOUNTAIN_GLENS_OF_ANTRIM',	'LOC_NAMED_MOUNTAIN_GLENS_OF_ANTRIM'	);


INSERT INTO NamedMountainCivilizations
		(CivilizationType,			NamedMountainType							)
VALUES	('CIVILIZATION_SORTIENT_ULSTER',	'NAMED_MOUNTAIN_MOURNES'	),
		('CIVILIZATION_SORTIENT_ULSTER',	'NAMED_MOUNTAIN_SPERRINS'			),
		('CIVILIZATION_SORTIENT_ULSTER',	'NAMED_MOUNTAIN_GLENS_OF_ANTRIM'	);

INSERT OR REPLACE INTO NamedRivers
		(NamedRiverType,					Name								)
VALUES	('NAMED_RIVER_BANN',				'LOC_NAMED_RIVER_BANN'				),
		('NAMED_RIVER_LAGAN',				'LOC_NAMED_RIVER_LAGAN'				),
		('NAMED_RIVER_FOYLE',				'LOC_NAMED_RIVER_FOYLE'				),
		('NAMED_RIVER_QUOILE',				'LOC_NAMED_RIVER_QUOILE'			),
		('NAMED_RIVER_ROE',					'LOC_NAMED_RIVER_ROE'				),
		('NAMED_RIVER_FAUGHAN',				'LOC_NAMED_RIVER_FAUGHAN'			),
		('NAMED_RIVER_DERG',				'LOC_NAMED_RIVER_DERG'				),
		('NAMED_RIVER_ERNE',				'LOC_NAMED_RIVER_ERNE'				),
		('NAMED_RIVER_SHIMNA',				'LOC_NAMED_RIVER_SHIMNA'			),
		('NAMED_RIVER_SIX_MILE_WATER',		'LOC_NAMED_RIVER_SIX_MILE_WATER'	);


INSERT INTO NamedRiverCivilizations
		(CivilizationType,			NamedRiverType					)
VALUES	('CIVILIZATION_SORTIENT_ULSTER',	'NAMED_RIVER_BANN'			),
		('CIVILIZATION_SORTIENT_ULSTER',	'NAMED_RIVER_LAGAN'		),
		('CIVILIZATION_SORTIENT_ULSTER',	'NAMED_RIVER_FOYLE'				),
		('CIVILIZATION_SORTIENT_ULSTER',	'NAMED_RIVER_QUOILE'			),
		('CIVILIZATION_SORTIENT_ULSTER',	'NAMED_RIVER_ROE'			),
		('CIVILIZATION_SORTIENT_ULSTER',	'NAMED_RIVER_FAUGHAN'			),
		('CIVILIZATION_SORTIENT_ULSTER',	'NAMED_RIVER_DERG'				),
		('CIVILIZATION_SORTIENT_ULSTER',	'NAMED_RIVER_ERNE'),
		('CIVILIZATION_SORTIENT_ULSTER',	'NAMED_RIVER_SHIMNA'			);

INSERT OR IGNORE INTO NamedVolcanoes
		(NamedVolcanoType,					Name								)
VALUES	('NAMED_VOLCANO_CAVE_HILL',	'LOC_NAMED_VOLCANO_CAVE_HILL'	),
		('NAMED_VOLCANO_SLIEVE_GULLION',			'LOC_NAMED_VOLCANO_SLIEVE_GULLION'		),
		('NAMED_VOLCANO_MOUNT_SLEMISH',			'LOC_NAMED_VOLCANO_MOUNT_SLEMISH'			),
		('NAMED_VOLCANO_BENBRADAGH',		'LOC_NAMED_VOLCANO_BENBRADAGH'		),
		('NAMED_VOLCANO_BINEVENAGH',	'LOC_NAMED_VOLCANO_BINEVENAGH'	);

INSERT INTO NamedVolcanoCivilizations
		(CivilizationType,			NamedVolcanoType				)
VALUES	('CIVILIZATION_SORTIENT_ULSTER',	'NAMED_VOLCANO_CAVE_HILL'	),
		('CIVILIZATION_SORTIENT_ULSTER',	'NAMED_VOLCANO_SLIEVE_GULLION'		),
		('CIVILIZATION_SORTIENT_ULSTER',	'NAMED_VOLCANO_MOUNT_SLEMISH'			),
		('CIVILIZATION_SORTIENT_ULSTER',	'NAMED_VOLCANO_BENBRADAGH'		),
		('CIVILIZATION_SORTIENT_ULSTER',	'NAMED_VOLCANO_BINEVENAGH'	);


INSERT INTO	CityNames
		(CivilizationType,			CityName						)
VALUES	('CIVILIZATION_SORTIENT_ULSTER',	'LOC_CITY_NAME_SORTIENT_ULSTER_1'		),
		('CIVILIZATION_SORTIENT_ULSTER',	'LOC_CITY_NAME_SORTIENT_ULSTER_2'		),
		('CIVILIZATION_SORTIENT_ULSTER',	'LOC_CITY_NAME_SORTIENT_ULSTER_3'		),
		('CIVILIZATION_SORTIENT_ULSTER',	'LOC_CITY_NAME_SORTIENT_ULSTER_4'		),
		('CIVILIZATION_SORTIENT_ULSTER',	'LOC_CITY_NAME_SORTIENT_ULSTER_ARMAGH'	),
		('CIVILIZATION_SORTIENT_ULSTER',	'LOC_CITY_NAME_SORTIENT_ULSTER_5'		),
		('CIVILIZATION_SORTIENT_ULSTER',	'LOC_CITY_NAME_SORTIENT_ULSTER_6'		),
		('CIVILIZATION_SORTIENT_ULSTER',	'LOC_CITY_NAME_SORTIENT_ULSTER_7'		),
		('CIVILIZATION_SORTIENT_ULSTER',	'LOC_CITY_NAME_SORTIENT_ULSTER_8'		),
		('CIVILIZATION_SORTIENT_ULSTER',	'LOC_CITY_NAME_SORTIENT_ULSTER_9'		),
		('CIVILIZATION_SORTIENT_ULSTER',	'LOC_CITY_NAME_SORTIENT_ULSTER_10'		),
		('CIVILIZATION_SORTIENT_ULSTER',	'LOC_CITY_NAME_SORTIENT_ULSTER_11'		),
		('CIVILIZATION_SORTIENT_ULSTER',	'LOC_CITY_NAME_SORTIENT_ULSTER_12'		),
		('CIVILIZATION_SORTIENT_ULSTER',	'LOC_CITY_NAME_SORTIENT_ULSTER_13'		),
		('CIVILIZATION_SORTIENT_ULSTER',	'LOC_CITY_NAME_SORTIENT_ULSTER_14'		),
		('CIVILIZATION_SORTIENT_ULSTER',	'LOC_CITY_NAME_SORTIENT_ULSTER_15'		),
		('CIVILIZATION_SORTIENT_ULSTER',	'LOC_CITY_NAME_SORTIENT_ULSTER_16'		),
		('CIVILIZATION_SORTIENT_ULSTER',	'LOC_CITY_NAME_SORTIENT_ULSTER_17'		),
		('CIVILIZATION_SORTIENT_ULSTER',	'LOC_CITY_NAME_SORTIENT_ULSTER_18'		),
		('CIVILIZATION_SORTIENT_ULSTER',	'LOC_CITY_NAME_SORTIENT_ULSTER_19'		),
		('CIVILIZATION_SORTIENT_ULSTER',	'LOC_CITY_NAME_SORTIENT_ULSTER_20'		),
		('CIVILIZATION_SORTIENT_ULSTER',	'LOC_CITY_NAME_SORTIENT_ULSTER_21'		),
		('CIVILIZATION_SORTIENT_ULSTER',	'LOC_CITY_NAME_SORTIENT_ULSTER_22'		),
		('CIVILIZATION_SORTIENT_ULSTER',	'LOC_CITY_NAME_SORTIENT_ULSTER_23'		),
		('CIVILIZATION_SORTIENT_ULSTER',	'LOC_CITY_NAME_SORTIENT_ULSTER_24'		),
		('CIVILIZATION_SORTIENT_ULSTER',	'LOC_CITY_NAME_SORTIENT_ULSTER_25'		);


INSERT INTO	CivilizationCitizenNames
		(CivilizationType,			CitizenName,						Female	)
VALUES	('CIVILIZATION_SORTIENT_ULSTER',	'LOC_CITIZEN_SORTIENT_ULSTER_MALE_1',		0 		),
		('CIVILIZATION_SORTIENT_ULSTER',	'LOC_CITIZEN_SORTIENT_ULSTER_MALE_2',		0 		),
		('CIVILIZATION_SORTIENT_ULSTER',	'LOC_CITIZEN_SORTIENT_ULSTER_MALE_3',		0 		),
		('CIVILIZATION_SORTIENT_ULSTER',	'LOC_CITIZEN_SORTIENT_ULSTER_MALE_4',		0 		),
		('CIVILIZATION_SORTIENT_ULSTER',	'LOC_CITIZEN_SORTIENT_ULSTER_MALE_5',		0 		),
		('CIVILIZATION_SORTIENT_ULSTER',	'LOC_CITIZEN_SORTIENT_ULSTER_MALE_6',		0 		),
		('CIVILIZATION_SORTIENT_ULSTER',	'LOC_CITIZEN_SORTIENT_ULSTER_MALE_7',		0 		),
		('CIVILIZATION_SORTIENT_ULSTER',	'LOC_CITIZEN_SORTIENT_ULSTER_MALE_8',		0 		),
		('CIVILIZATION_SORTIENT_ULSTER',	'LOC_CITIZEN_SORTIENT_ULSTER_MALE_9',		0 		),
		('CIVILIZATION_SORTIENT_ULSTER',	'LOC_CITIZEN_SORTIENT_ULSTER_MALE_10',		0 		),
		('CIVILIZATION_SORTIENT_ULSTER',	'LOC_CITIZEN_SORTIENT_ULSTER_FEMALE_1',	1 		),
		('CIVILIZATION_SORTIENT_ULSTER',	'LOC_CITIZEN_SORTIENT_ULSTER_FEMALE_2',	1 		),
		('CIVILIZATION_SORTIENT_ULSTER',	'LOC_CITIZEN_SORTIENT_ULSTER_FEMALE_3',	1 		),
		('CIVILIZATION_SORTIENT_ULSTER',	'LOC_CITIZEN_SORTIENT_ULSTER_FEMALE_4',	1 		),
		('CIVILIZATION_SORTIENT_ULSTER',	'LOC_CITIZEN_SORTIENT_ULSTER_FEMALE_5',	1 		),
		('CIVILIZATION_SORTIENT_ULSTER',	'LOC_CITIZEN_SORTIENT_ULSTER_FEMALE_6',	1 		),
		('CIVILIZATION_SORTIENT_ULSTER',	'LOC_CITIZEN_SORTIENT_ULSTER_FEMALE_7',	1 		),
		('CIVILIZATION_SORTIENT_ULSTER',	'LOC_CITIZEN_SORTIENT_ULSTER_FEMALE_8',	1 		),
		('CIVILIZATION_SORTIENT_ULSTER',	'LOC_CITIZEN_SORTIENT_ULSTER_FEMALE_9',	1 		),
		('CIVILIZATION_SORTIENT_ULSTER',	'LOC_CITIZEN_SORTIENT_ULSTER_FEMALE_10',	1 		);


INSERT INTO	CivilizationInfo
		(CivilizationType,			Header,						Caption,								SortIndex	)
VALUES	('CIVILIZATION_SORTIENT_ULSTER',	'LOC_CIVINFO_LOCATION',		'LOC_CIVINFO_SORTIENT_ULSTER_LOCATION',		10			),
		('CIVILIZATION_SORTIENT_ULSTER',	'LOC_CIVINFO_SIZE',			'LOC_CIVINFO_SORTIENT_ULSTER_SIZE',			20			),
		('CIVILIZATION_SORTIENT_ULSTER',	'LOC_CIVINFO_POPULATION',	'LOC_CIVINFO_SORTIENT_ULSTER_POPULATION',		30			),
		('CIVILIZATION_SORTIENT_ULSTER',	'LOC_CIVINFO_CAPITAL',		'LOC_CIVINFO_SORTIENT_ULSTER_CAPITAL',			40			);
		

INSERT INTO	StartBiasTerrains
		(CivilizationType,			TerrainType,			Tier	)
VALUES	('CIVILIZATION_SORTIENT_ULSTER',	'TERRAIN_PLAINS',		1		),
		('CIVILIZATION_SORTIENT_ULSTER',	'TERRAIN_GRASS',		5		);

INSERT INTO	StartBiasFeatures
		(CivilizationType,			FeatureType,			Tier	)
VALUES	('CIVILIZATION_SORTIENT_ULSTER',	'FEATURE_FLOODPLAINS',	1		);

INSERT INTO	StartBiasResources
		(CivilizationType,			ResourceType,			Tier	)
VALUES	('CIVILIZATION_SORTIENT_ULSTER',	'RESOURCE_COTTON',		3		);

INSERT INTO	StartBiasRivers
		(CivilizationType,				Tier	)
VALUES	('CIVILIZATION_SORTIENT_ULSTER',		5		);

INSERT INTO MomentIllustrations
		(MomentIllustrationType,					MomentDataType,					GameDataType,						Texture								)
VALUES	('MOMENT_ILLUSTRATION_UNIQUE_UNIT',			'MOMENT_DATA_UNIT',				'UNIT_SORTIENT_ULSTER_RIFLES',		'UlsterRiflesHistoricMoment.dds'		),
		('MOMENT_ILLUSTRATION_UNIQUE_BUILDING',	'MOMENT_DATA_BUILDING',				'BUILDING_ULSTER_LINEN_MILL',		'LinenMillHistoricMoment.dds'	);
