INSERT INTO Types
			(Type,							Kind			)
VALUES		('TRAIT_AGENDA_SORTIENT_JOHN_HUME',		'KIND_TRAIT'	);

INSERT INTO Agendas
			(AgendaType,			Name,							Description								)
VALUES 		('AGENDA_SORTIENT_JOHN_HUME',	'LOC_AGENDA_SORTIENT_JOHN_HUME_NAME',	'LOC_AGENDA_SORTIENT_JOHN_HUME_DESCRIPTION'		);

INSERT INTO Traits				
			(TraitType,						Name,							Description								)
VALUES		('TRAIT_AGENDA_SORTIENT_JOHN_HUME',		'LOC_AGENDA_SORTIENT_JOHN_HUME_NAME',	'LOC_AGENDA_SORTIENT_JOHN_HUME_DESCRIPTION'		);

INSERT INTO AgendaTraits
			(AgendaType,			TraitType					)
VALUES 		('AGENDA_SORTIENT_JOHN_HUME',	'TRAIT_AGENDA_SORTIENT_JOHN_HUME'	);

INSERT INTO HistoricalAgendas
			(LeaderType,			AgendaType				)
VALUES 		('LEADER_SORTIENT_JOHN_HUME',	'AGENDA_SORTIENT_JOHN_HUME'		);

INSERT INTO ExclusiveAgendas
			(AgendaOne,				AgendaTwo					)
VALUES 		('AGENDA_SORTIENT_JOHN_HUME',	'AGENDA_INDUSTRIALIST'		);

INSERT INTO TraitModifiers
			(TraitType,						ModifierId								)
VALUES		('TRAIT_AGENDA_SORTIENT_JOHN_HUME',		'AGENDA_MODIFIER_SORTIENT_JOHN_HUME_UNHAPPY'	),
			('TRAIT_AGENDA_SORTIENT_JOHN_HUME',		'AGENDA_MODIFIER_SORTIENT_JOHN_HUME_HAPPY'		);
		
INSERT INTO Modifiers	
			(ModifierId,								ModifierType,									SubjectRequirementSetId			)
VALUES		('AGENDA_MODIFIER_SORTIENT_JOHN_HUME_UNHAPPY',		'MODIFIER_PLAYER_DIPLOMACY_SIMPLE_MODIFIER',	'REQSET_SORTIENT_JOHN_HUME_UNHAPPY'		),
			('AGENDA_MODIFIER_SORTIENT_JOHN_HUME_HAPPY',		'MODIFIER_PLAYER_DIPLOMACY_SIMPLE_MODIFIER',	'REQSET_SORTIENT_JOHN_HUME_HAPPY'		);

INSERT INTO ModifierStrings
			(ModifierId,								Context,	Text								)
VALUES		('AGENDA_MODIFIER_SORTIENT_JOHN_HUME_UNHAPPY',		'Sample',	'LOC_TOOLTIP_SAMPLE_DIPLOMACY_ALL'	),
			('AGENDA_MODIFIER_SORTIENT_JOHN_HUME_HAPPY',		'Sample',	'LOC_TOOLTIP_SAMPLE_DIPLOMACY_ALL'	);

INSERT INTO ModifierArguments
			(ModifierId,							Name,							Value												)
VALUES		('AGENDA_MODIFIER_SORTIENT_JOHN_HUME_UNHAPPY',	'InitialValue',					-5													),
			('AGENDA_MODIFIER_SORTIENT_JOHN_HUME_UNHAPPY',	'IncrementValue',				-1													),
			('AGENDA_MODIFIER_SORTIENT_JOHN_HUME_UNHAPPY',	'IncrementTurns',				-10													),
			('AGENDA_MODIFIER_SORTIENT_JOHN_HUME_UNHAPPY',	'MaxValue',						-25													),
			('AGENDA_MODIFIER_SORTIENT_JOHN_HUME_UNHAPPY',	'StatementKey',					'LOC_DIPLO_WARNING_LEADER_SORTIENT_JOHN_HUME_REASON_ANY'	),
			('AGENDA_MODIFIER_SORTIENT_JOHN_HUME_UNHAPPY',	'SimpleModifierDescription',	'LOC_DIPLO_MODIFIER_SORTIENT_JOHN_HUME_UNHAPPY'				),
	
			('AGENDA_MODIFIER_SORTIENT_JOHN_HUME_HAPPY',	'InitialValue',					5													),
			('AGENDA_MODIFIER_SORTIENT_JOHN_HUME_HAPPY',	'IncrementValue',				1													),
			('AGENDA_MODIFIER_SORTIENT_JOHN_HUME_HAPPY',	'IncrementTurns',				10													),
			('AGENDA_MODIFIER_SORTIENT_JOHN_HUME_HAPPY',	'MaxValue',						12													),
			('AGENDA_MODIFIER_SORTIENT_JOHN_HUME_HAPPY',	'StatementKey',					'LOC_DIPLO_KUDO_LEADER_SORTIENT_JOHN_HUME_REASON_ANY'		),
			('AGENDA_MODIFIER_SORTIENT_JOHN_HUME_HAPPY',	'SimpleModifierDescription',	'LOC_DIPLO_MODIFIER_SORTIENT_JOHN_HUME_HAPPY'				);
			
INSERT INTO RequirementSets
			(RequirementSetId,				RequirementSetType			)
VALUES		('REQSET_SORTIENT_JOHN_HUME_UNHAPPY',	'REQUIREMENTSET_TEST_ALL'	),
			('REQSET_SORTIENT_JOHN_HUME_HAPPY',		'REQUIREMENTSET_TEST_ALL'	);

INSERT INTO RequirementSetRequirements
			(RequirementSetId,				RequirementId						)
VALUES		('REQSET_SORTIENT_JOHN_HUME_UNHAPPY',	'REQUIRES_MAJOR_CIV_OPPONENT'		),
			('REQSET_SORTIENT_JOHN_HUME_UNHAPPY',	'REQUIRES_MET_10_TURNS_AGO'			),
			('REQSET_SORTIENT_JOHN_HUME_UNHAPPY',	'REQUIRES_HAS_LOW_FAITH'			),
			('REQSET_SORTIENT_JOHN_HUME_HAPPY',		'REQUIRES_MAJOR_CIV_OPPONENT'		),
			('REQSET_SORTIENT_JOHN_HUME_HAPPY',		'REQUIRES_MET_10_TURNS_AGO'			),
			('REQSET_SORTIENT_JOHN_HUME_HAPPY',		'REQUIRES_HAS_HIGH_CULTURE'			),
			('REQSET_SORTIENT_JOHN_HUME_HAPPY',		'REQUIRES_HAS_HIGH_SCIENCE'			);
